<?xml version="1.0" encoding="UTF-8"?>
<Configuration status="WARN">
    <Appenders>
        <File name="File" fileName="logs/application.log">
            <PatternLayout>
                <Pattern>%d{yyyy-MM-dd HH:mm:ss} [%t] %-5level %logger{36} - %msg%n</Pattern>
            </PatternLayout>
        </File>
    </Appenders>
    <Loggers>
        <Logger name="com.proghelp" level="info" additivity="false">
            <AppenderRef ref="File"/>
        </Logger>
        <Root level="debug">
            <AppenderRef ref="File"/>
        </Root>
    </Loggers>
</Configuration>
